true,restored,edge_type
"['10.1016/j.bse.2006.06.007', 'N/A/SP']","['10.1016/j.bse.2006.06.007', ['Itirapina/SP', 'Rifaina/SP', 'N/A/SP, Cedrela fissilis', 'N/A/CE', 'Urucuca/BA', 'Rio De Janeiro/RJ', 'Itaituba/PA', 'Sao Sebastiao Do Passe/BA', 'N/A/PE', 'Ribeirao Preto/SP, Nigrospora sphaerica', 'N/A/MS', 'Vicosa/MG', 'Igarape-acu/PA', 'Cunha/SP', 'N/A/AM', 'Cordeiropolis/SP', 'Iguape/SP', 'Chapada Dos Guimaraes/MT', 'Lavras/MG', 'Araraquara/SP', 'Sao Miguel Arcanjo/SP', 'N/A/SP', 'Apore/GO', 'Goiania/GO', 'Maues/AM', 'Ibirama/SC', 'Pocos De Caldas/MG, Lonchocarpus atropurpureus', 'Corumba/MS', 'Rio Verde/GO', 'Sao Paulo/SP', 'N/A/ES', 'Belem/PA', 'Peruibe/SP', 'Cuiaba/MT', 'Rio Claro/SP', 'N/A/MG', 'Campinas/SP', 'Ibate/SP', 'Recife/PE', 'Murici/AL', 'Mogi Guacu/SP', 'Santarem/PA', 'Itacoatiara/AM', 'Sao Carlos/SP', 'Londrina/PR', 'Piracicaba/SP', 'Pocos De Caldas/MG', 'Teodoro Sampaio/SP', 'Pirenopolis/GO', 'Ribeirao Preto/SP', 'Manaus/AM']]",doi_collectionSite
"['10.1021/np9004079', 'Campinas/SP']","['10.1021/np9004079', ['Itirapina/SP', 'Rifaina/SP', 'N/A/SP, Cedrela fissilis', 'N/A/CE', 'Urucuca/BA', 'Cunha/SP', 'Ribeirao Preto/SP, Nigrospora sphaerica', 'N/A/PE', 'Vicosa/MG', 'Sao Sebastiao Do Passe/BA', 'Sao Miguel Arcanjo/SP', 'Campinas/SP', 'N/A/MS', 'Iguape/SP', 'N/A/MG', 'Goiania/GO', 'Araraquara/SP', 'Rio De Janeiro/RJ', 'Chapada Dos Guimaraes/MT', 'Itaituba/PA', 'Igarape-acu/PA', 'Maues/AM', 'Cuiaba/MT', 'Piracicaba/SP', 'Lavras/MG', 'Peruibe/SP', 'Corumba/MS', 'Londrina/PR', 'Murici/AL', 'Rio Verde/GO', 'Recife/PE', 'Ibirama/SC', 'Teodoro Sampaio/SP', 'Pirenopolis/GO', 'Ribeirao Preto/SP', 'Cordeiropolis/SP', 'Pocos De Caldas/MG, Lonchocarpus atropurpureus', 'Sao Paulo/SP', 'N/A/SP', 'N/A/AM', 'Rio Claro/SP', 'Itacoatiara/AM', 'Sao Carlos/SP', 'Santarem/PA', 'Pocos De Caldas/MG', 'Apore/GO', 'Ibate/SP', 'Mogi Guacu/SP', 'Belem/PA', 'N/A/ES', 'Manaus/AM']]",doi_collectionSite
"['10.1016/j.phytochem.2006.09.005', 'Araraquara/SP']","['10.1016/j.phytochem.2006.09.005', ['Itirapina/SP', 'Rifaina/SP', 'N/A/SP, Cedrela fissilis', 'N/A/CE', 'Urucuca/BA', 'N/A/MS', 'Ribeirao Preto/SP, Nigrospora sphaerica', 'Vicosa/MG', 'Sao Sebastiao Do Passe/BA', 'Cunha/SP', 'Igarape-acu/PA', 'Itaituba/PA', 'Chapada Dos Guimaraes/MT', 'N/A/PE', 'Rio De Janeiro/RJ', 'Iguape/SP', 'N/A/MG', 'Cordeiropolis/SP', 'Araraquara/SP', 'Maues/AM', 'Recife/PE', 'Lavras/MG', 'Rio Verde/GO', 'Sao Miguel Arcanjo/SP', 'Sao Carlos/SP', 'N/A/SP', 'Apore/GO', 'Itacoatiara/AM', 'Peruibe/SP', 'Cuiaba/MT', 'Sao Paulo/SP', 'Belem/PA', 'Londrina/PR', 'Goiania/GO', 'Corumba/MS', 'Rio Claro/SP', 'Murici/AL', 'Ibirama/SC', 'N/A/AM', 'Piracicaba/SP', 'Campinas/SP', 'Pirenopolis/GO', 'Pocos De Caldas/MG, Lonchocarpus atropurpureus', 'Mogi Guacu/SP', 'Ribeirao Preto/SP', 'Ibate/SP', 'Teodoro Sampaio/SP', 'Santarem/PA', 'N/A/ES', 'Pocos De Caldas/MG', 'Manaus/AM']]",doi_collectionSite
"['10.1590/S0103-50532006000300017', 'Sao Carlos/SP']","['10.1590/S0103-50532006000300017', ['Itirapina/SP', 'Rifaina/SP', 'N/A/SP, Cedrela fissilis', 'N/A/CE', 'Urucuca/BA', 'Vicosa/MG', 'Ribeirao Preto/SP, Nigrospora sphaerica', 'Cordeiropolis/SP', 'Igarape-acu/PA', 'Rio Verde/GO', 'Sao Sebastiao Do Passe/BA', 'N/A/PE', 'Itaituba/PA', 'Murici/AL', 'Iguape/SP', 'N/A/MS', 'Corumba/MS', 'Piracicaba/SP', 'Londrina/PR', 'Cunha/SP', 'Rio Claro/SP', 'Maues/AM', 'Rio De Janeiro/RJ', 'Chapada Dos Guimaraes/MT', 'Apore/GO', 'Ibirama/SC', 'Sao Miguel Arcanjo/SP', 'Cuiaba/MT', 'Pocos De Caldas/MG', 'N/A/SP', 'Ibate/SP', 'Pirenopolis/GO', 'Pocos De Caldas/MG, Lonchocarpus atropurpureus', 'Campinas/SP', 'Itacoatiara/AM', 'Sao Paulo/SP', 'Ribeirao Preto/SP', 'N/A/AM', 'Goiania/GO', 'Sao Carlos/SP', 'Lavras/MG', 'Araraquara/SP', 'Recife/PE', 'N/A/MG', 'N/A/ES', 'Santarem/PA', 'Teodoro Sampaio/SP', 'Mogi Guacu/SP', 'Manaus/AM', 'Belem/PA', 'Peruibe/SP']]",doi_collectionSite
"['10.2174/187152010794728620', 'Vicosa/MG']","['10.2174/187152010794728620', ['Itirapina/SP', 'Rifaina/SP', 'N/A/SP, Cedrela fissilis', 'N/A/CE', 'Urucuca/BA', 'Chapada Dos Guimaraes/MT', 'N/A/MG', 'Vicosa/MG', 'Ribeirao Preto/SP, Nigrospora sphaerica', 'Cunha/SP', 'N/A/MS', 'N/A/PE', 'Itaituba/PA', 'Araraquara/SP', 'Murici/AL', 'N/A/SP', 'Pirenopolis/GO', 'Itacoatiara/AM', 'Iguape/SP', 'Sao Sebastiao Do Passe/BA', 'Igarape-acu/PA', 'Rio Verde/GO', 'Campinas/SP', 'Cordeiropolis/SP', 'Sao Miguel Arcanjo/SP', 'Pocos De Caldas/MG, Lonchocarpus atropurpureus', 'Peruibe/SP', 'Corumba/MS', 'Londrina/PR', 'Maues/AM', 'Sao Paulo/SP', 'Ibate/SP', 'Cuiaba/MT', 'Pocos De Caldas/MG', 'Goiania/GO', 'Recife/PE', 'Belem/PA', 'Rio De Janeiro/RJ', 'Teodoro Sampaio/SP', 'N/A/ES', 'Lavras/MG', 'Rio Claro/SP', 'Sao Carlos/SP', 'Ibirama/SC', 'Piracicaba/SP', 'Mogi Guacu/SP', 'N/A/AM', 'Apore/GO', 'Ribeirao Preto/SP', 'Santarem/PA', 'Manaus/AM']]",doi_collectionSite
"['10.1590/S0103-50532003000300007', 'Urucuca/BA']","['10.1590/S0103-50532003000300007', ['Itirapina/SP', 'Rifaina/SP', 'N/A/SP, Cedrela fissilis', 'N/A/CE', 'Urucuca/BA', 'N/A/MS', 'Ribeirao Preto/SP, Nigrospora sphaerica', 'Vicosa/MG', 'Cunha/SP', 'N/A/PE', 'Sao Sebastiao Do Passe/BA', 'Chapada Dos Guimaraes/MT', 'Peruibe/SP', 'Itaituba/PA', 'Igarape-acu/PA', 'N/A/SP', 'Pocos De Caldas/MG, Lonchocarpus atropurpureus', 'Pirenopolis/GO', 'N/A/ES', 'Araraquara/SP', 'N/A/MG', 'Itacoatiara/AM', 'N/A/AM', 'Cuiaba/MT', 'Corumba/MS', 'Iguape/SP', 'Goiania/GO', 'Sao Paulo/SP', 'Lavras/MG', 'Sao Carlos/SP', 'Campinas/SP', 'Ibate/SP', 'Rio Claro/SP', 'Rio De Janeiro/RJ', 'Apore/GO', 'Pocos De Caldas/MG', 'Londrina/PR', 'Rio Verde/GO', 'Maues/AM', 'Cordeiropolis/SP', 'Murici/AL', 'Recife/PE', 'Sao Miguel Arcanjo/SP', 'Piracicaba/SP', 'Santarem/PA', 'Ribeirao Preto/SP', 'Teodoro Sampaio/SP', 'Ibirama/SC', 'Belem/PA', 'Manaus/AM', 'Mogi Guacu/SP']]",doi_collectionSite
"['10.1016/j.phytochem.2005.04.043', 'Araraquara/SP']","['10.1016/j.phytochem.2005.04.043', ['Itirapina/SP', 'Rifaina/SP', 'N/A/SP, Cedrela fissilis', 'N/A/CE', 'Urucuca/BA', 'Ribeirao Preto/SP, Nigrospora sphaerica', 'Vicosa/MG', 'Igarape-acu/PA', 'N/A/PE', 'Sao Sebastiao Do Passe/BA', 'Maues/AM', 'N/A/MS', 'Cunha/SP', 'Itaituba/PA', 'Ribeirao Preto/SP', 'Araraquara/SP', 'Sao Miguel Arcanjo/SP', 'Cordeiropolis/SP', 'Rio De Janeiro/RJ', 'Rio Claro/SP', 'Chapada Dos Guimaraes/MT', 'N/A/MG', 'Apore/GO', 'Sao Carlos/SP', 'Rio Verde/GO', 'Londrina/PR', 'Itacoatiara/AM', 'N/A/SP', 'Lavras/MG', 'Cuiaba/MT', 'Teodoro Sampaio/SP', 'Iguape/SP', 'Recife/PE', 'Corumba/MS', 'Piracicaba/SP', 'Belem/PA', 'Campinas/SP', 'Murici/AL', 'Pirenopolis/GO', 'Pocos De Caldas/MG, Lonchocarpus atropurpureus', 'N/A/AM', 'Santarem/PA', 'Pocos De Caldas/MG', 'Manaus/AM', 'Goiania/GO', 'Mogi Guacu/SP', 'Ibate/SP', 'Ibirama/SC', 'Sao Paulo/SP', 'Peruibe/SP', 'N/A/ES']]",doi_collectionSite
"['10.1016/j.bmc.2010.12.056', 'Campinas/SP']","['10.1016/j.bmc.2010.12.056', ['Itirapina/SP', 'Rifaina/SP', 'N/A/SP, Cedrela fissilis', 'N/A/CE', 'Ribeirao Preto/SP, Nigrospora sphaerica', 'Urucuca/BA', 'N/A/PE', 'Campinas/SP', 'Sao Miguel Arcanjo/SP', 'Vicosa/MG', 'Cunha/SP', 'N/A/MS', 'Sao Sebastiao Do Passe/BA', 'Igarape-acu/PA', 'Cuiaba/MT', 'Chapada Dos Guimaraes/MT', 'N/A/MG', 'Londrina/PR', 'Pirenopolis/GO', 'Pocos De Caldas/MG, Lonchocarpus atropurpureus', 'Maues/AM', 'Itacoatiara/AM', 'Recife/PE', 'Goiania/GO', 'Araraquara/SP', 'Rio Verde/GO', 'Sao Carlos/SP', 'Ribeirao Preto/SP', 'Iguape/SP', 'Itaituba/PA', 'Rio De Janeiro/RJ', 'Corumba/MS', 'Lavras/MG', 'Rio Claro/SP', 'Mogi Guacu/SP', 'Apore/GO', 'Murici/AL', 'Peruibe/SP', 'Pocos De Caldas/MG', 'Belem/PA', 'Cordeiropolis/SP', 'N/A/AM', 'Piracicaba/SP', 'N/A/SP', 'Sao Paulo/SP', 'Ibate/SP', 'Teodoro Sampaio/SP', 'N/A/ES', 'Santarem/PA', 'Ibirama/SC', 'Manaus/AM']]",doi_collectionSite
"['10.1590/S0102-695X2010005000017', 'Sao Paulo/SP']","['10.1590/S0102-695X2010005000017', ['Itirapina/SP', 'Rifaina/SP', 'N/A/SP, Cedrela fissilis', 'N/A/CE', 'Urucuca/BA', 'Ribeirao Preto/SP, Nigrospora sphaerica', 'Chapada Dos Guimaraes/MT', 'Vicosa/MG', 'Cunha/SP', 'N/A/MS', 'N/A/PE', 'N/A/MG', 'Itacoatiara/AM', 'Campinas/SP', 'Sao Sebastiao Do Passe/BA', 'Pocos De Caldas/MG, Lonchocarpus atropurpureus', 'Igarape-acu/PA', 'Cuiaba/MT', 'Cordeiropolis/SP', 'Pirenopolis/GO', 'Rio De Janeiro/RJ', 'Itaituba/PA', 'Murici/AL', 'Maues/AM', 'Londrina/PR', 'Recife/PE', 'Peruibe/SP', 'Ibate/SP', 'Araraquara/SP', 'Corumba/MS', 'Pocos De Caldas/MG', 'Sao Carlos/SP', 'Rio Verde/GO', 'N/A/SP', 'Goiania/GO', 'Lavras/MG', 'N/A/ES', 'Ribeirao Preto/SP', 'N/A/AM', 'Sao Miguel Arcanjo/SP', 'Rio Claro/SP', 'Iguape/SP', 'Teodoro Sampaio/SP', 'Belem/PA', 'Sao Paulo/SP', 'Apore/GO', 'Mogi Guacu/SP', 'Santarem/PA', 'Manaus/AM', 'Ibirama/SC', 'Piracicaba/SP']]",doi_collectionSite
"['10.1016/0040-4020(95)00254-6', 'Sao Paulo/SP']","['10.1016/0040-4020(95)00254-6', ['Itirapina/SP', 'Rifaina/SP', 'N/A/SP, Cedrela fissilis', 'N/A/CE', 'Urucuca/BA', 'N/A/MS', 'Goiania/GO', 'Santarem/PA', 'Sao Sebastiao Do Passe/BA', 'Ribeirao Preto/SP, Nigrospora sphaerica', 'Sao Miguel Arcanjo/SP', 'N/A/PE', 'Peruibe/SP', 'Apore/GO', 'Cunha/SP', 'Cuiaba/MT', 'N/A/MG', 'Iguape/SP', 'N/A/AM', 'Campinas/SP', 'Pirenopolis/GO', 'Vicosa/MG', 'Araraquara/SP', 'Maues/AM', 'Rio De Janeiro/RJ', 'Sao Carlos/SP', 'Rio Claro/SP', 'Pocos De Caldas/MG, Lonchocarpus atropurpureus', 'Corumba/MS', 'Teodoro Sampaio/SP', 'Chapada Dos Guimaraes/MT', 'Igarape-acu/PA', 'Mogi Guacu/SP', 'Lavras/MG', 'Piracicaba/SP', 'Murici/AL', 'Itaituba/PA', 'Londrina/PR', 'Itacoatiara/AM', 'Recife/PE', 'Belem/PA', 'Rio Verde/GO', 'Pocos De Caldas/MG', 'Ibirama/SC', 'Manaus/AM', 'N/A/ES', 'Ribeirao Preto/SP', 'N/A/SP', 'Cordeiropolis/SP', 'Ibate/SP', 'Sao Paulo/SP']]",doi_collectionSite
"['10.1021/np50086a012', 'N/A/MG']","['10.1021/np50086a012', ['Itirapina/SP', 'Rifaina/SP', 'N/A/SP, Cedrela fissilis', 'N/A/CE', 'Urucuca/BA', 'Ribeirao Preto/SP, Nigrospora sphaerica', 'Rio De Janeiro/RJ', 'N/A/PE', 'Sao Sebastiao Do Passe/BA', 'Cunha/SP', 'Vicosa/MG', 'Campinas/SP', 'Chapada Dos Guimaraes/MT', 'N/A/MS', 'Igarape-acu/PA', 'Recife/PE', 'Sao Miguel Arcanjo/SP', 'N/A/MG', 'Itaituba/PA', 'Cuiaba/MT', 'Lavras/MG', 'Goiania/GO', 'Ribeirao Preto/SP', 'Maues/AM', 'Corumba/MS', 'Peruibe/SP', 'Rio Verde/GO', 'Londrina/PR', 'Cordeiropolis/SP', 'N/A/AM', 'Pocos De Caldas/MG, Lonchocarpus atropurpureus', 'Araraquara/SP', 'Iguape/SP', 'Murici/AL', 'Apore/GO', 'Piracicaba/SP', 'N/A/SP', 'Mogi Guacu/SP', 'Belem/PA', 'Rio Claro/SP', 'Teodoro Sampaio/SP', 'Sao Carlos/SP', 'Ibate/SP', 'Sao Paulo/SP', 'Ibirama/SC', 'Pirenopolis/GO', 'Itacoatiara/AM', 'Pocos De Caldas/MG', 'N/A/ES', 'Santarem/PA', 'Manaus/AM']]",doi_collectionSite
"['10.1055/s-2002-36346', 'Recife/PE']","['10.1055/s-2002-36346', ['Itirapina/SP', 'Rifaina/SP', 'N/A/SP, Cedrela fissilis', 'N/A/CE', 'Urucuca/BA', 'Teodoro Sampaio/SP', 'Belem/PA', 'Ibate/SP', 'Ibirama/SC', 'Itaituba/PA', 'Mogi Guacu/SP', 'Manaus/AM', 'Rio Claro/SP', 'Sao Miguel Arcanjo/SP', 'Chapada Dos Guimaraes/MT', 'N/A/SP', 'Rio Verde/GO', 'Araraquara/SP', 'Vicosa/MG', 'Rio De Janeiro/RJ', 'Sao Carlos/SP', 'N/A/ES', 'Murici/AL', 'Cordeiropolis/SP', 'Santarem/PA', 'Peruibe/SP', 'Lavras/MG', 'Corumba/MS', 'N/A/MG', 'Campinas/SP', 'Recife/PE', 'N/A/PE', 'Cuiaba/MT', 'Ribeirao Preto/SP, Nigrospora sphaerica', 'Goiania/GO', 'Sao Sebastiao Do Passe/BA', 'Pocos De Caldas/MG, Lonchocarpus atropurpureus', 'Itacoatiara/AM', 'Sao Paulo/SP', 'Londrina/PR', 'Iguape/SP', 'Pocos De Caldas/MG', 'N/A/AM', 'Pirenopolis/GO', 'Maues/AM', 'Cunha/SP', 'Piracicaba/SP', 'Apore/GO', 'N/A/MS', 'Ribeirao Preto/SP', 'Igarape-acu/PA']]",doi_collectionSite
"['10.1021/jf063451x', 'Belem/PA']","['10.1021/jf063451x', ['Itirapina/SP', 'Rifaina/SP', 'N/A/CE', 'N/A/SP, Cedrela fissilis', 'Urucuca/BA', 'Pocos De Caldas/MG, Lonchocarpus atropurpureus', 'N/A/ES', 'Peruibe/SP', 'Rio De Janeiro/RJ', 'Sao Paulo/SP', 'Corumba/MS', 'N/A/AM', 'Sao Sebastiao Do Passe/BA', 'Lavras/MG', 'Pocos De Caldas/MG', 'Itaituba/PA', 'N/A/SP', 'Igarape-acu/PA', 'Pirenopolis/GO', 'Iguape/SP', 'Vicosa/MG', 'Goiania/GO', 'Campinas/SP', 'Cunha/SP', 'Chapada Dos Guimaraes/MT', 'Ibate/SP', 'Apore/GO', 'N/A/MS', 'Cuiaba/MT', 'N/A/PE', 'Rio Verde/GO', 'Ibirama/SC', 'Sao Miguel Arcanjo/SP', 'Murici/AL', 'Itacoatiara/AM', 'Sao Carlos/SP', 'Cordeiropolis/SP', 'Ribeirao Preto/SP, Nigrospora sphaerica', 'Londrina/PR', 'Araraquara/SP', 'Recife/PE', 'Piracicaba/SP', 'Belem/PA', 'Santarem/PA', 'N/A/MG', 'Rio Claro/SP', 'Mogi Guacu/SP', 'Teodoro Sampaio/SP', 'Manaus/AM', 'Ribeirao Preto/SP', 'Maues/AM']]",doi_collectionSite
"['10.1021/np800612x', 'Sao Paulo/SP']","['10.1021/np800612x', ['Itirapina/SP', 'Rifaina/SP', 'N/A/SP, Cedrela fissilis', 'N/A/CE', 'Urucuca/BA', 'Sao Sebastiao Do Passe/BA', 'Vicosa/MG', 'N/A/PE', 'Cunha/SP', 'Itaituba/PA', 'Ribeirao Preto/SP, Nigrospora sphaerica', 'Araraquara/SP', 'N/A/MS', 'Rio De Janeiro/RJ', 'Peruibe/SP', 'Lavras/MG', 'Igarape-acu/PA', 'Goiania/GO', 'Chapada Dos Guimaraes/MT', 'Sao Miguel Arcanjo/SP', 'N/A/MG', 'Recife/PE', 'Maues/AM', 'Campinas/SP', 'Corumba/MS', 'Iguape/SP', 'N/A/AM', 'N/A/SP', 'Piracicaba/SP', 'Rio Verde/GO', 'Pocos De Caldas/MG, Lonchocarpus atropurpureus', 'Rio Claro/SP', 'Ibirama/SC', 'Cuiaba/MT', 'Cordeiropolis/SP', 'Apore/GO', 'Teodoro Sampaio/SP', 'Londrina/PR', 'Murici/AL', 'Belem/PA', 'Pirenopolis/GO', 'Santarem/PA', 'Itacoatiara/AM', 'Sao Carlos/SP', 'Ibate/SP', 'Pocos De Caldas/MG', 'N/A/ES', 'Ribeirao Preto/SP', 'Sao Paulo/SP', 'Mogi Guacu/SP', 'Manaus/AM']]",doi_collectionSite
"['10.1021/jf00030a035', 'N/A/CE']","['10.1021/jf00030a035', ['Itirapina/SP', 'Rifaina/SP', 'N/A/SP, Cedrela fissilis', 'N/A/CE', 'Cunha/SP', 'Urucuca/BA', 'Ribeirao Preto/SP, Nigrospora sphaerica', 'Vicosa/MG', 'Chapada Dos Guimaraes/MT', 'Igarape-acu/PA', 'N/A/SP', 'Corumba/MS', 'N/A/MG', 'Pocos De Caldas/MG, Lonchocarpus atropurpureus', 'Sao Sebastiao Do Passe/BA', 'N/A/MS', 'Pirenopolis/GO', 'Maues/AM', 'N/A/PE', 'Campinas/SP', 'Itaituba/PA', 'Sao Miguel Arcanjo/SP', 'Lavras/MG', 'Ribeirao Preto/SP', 'Londrina/PR', 'Cuiaba/MT', 'Recife/PE', 'Sao Carlos/SP', 'Goiania/GO', 'Itacoatiara/AM', 'Pocos De Caldas/MG', 'Rio De Janeiro/RJ', 'Araraquara/SP', 'Rio Verde/GO', 'Murici/AL', 'Sao Paulo/SP', 'Piracicaba/SP', 'Peruibe/SP', 'Ibate/SP', 'Belem/PA', 'Cordeiropolis/SP', 'Mogi Guacu/SP', 'Apore/GO', 'N/A/AM', 'Rio Claro/SP', 'Teodoro Sampaio/SP', 'Iguape/SP', 'Santarem/PA', 'N/A/ES', 'Ibirama/SC', 'Manaus/AM']]",doi_collectionSite
"['10.1590/S0100-40422008000400018', 'Sao Paulo/SP']","['10.1590/S0100-40422008000400018', ['Itirapina/SP', 'Rifaina/SP', 'N/A/SP, Cedrela fissilis', 'N/A/CE', 'Urucuca/BA', 'Vicosa/MG', 'Pocos De Caldas/MG, Lonchocarpus atropurpureus', 'N/A/AM', 'Ribeirao Preto/SP, Nigrospora sphaerica', 'Sao Sebastiao Do Passe/BA', 'Sao Miguel Arcanjo/SP', 'Peruibe/SP', 'Itacoatiara/AM', 'Rio Claro/SP', 'N/A/SP', 'Corumba/MS', 'Igarape-acu/PA', 'Sao Carlos/SP', 'N/A/PE', 'Santarem/PA', 'Pirenopolis/GO', 'Itaituba/PA', 'N/A/MS', 'Rio De Janeiro/RJ', 'Ibate/SP', 'Cuiaba/MT', 'Ibirama/SC', 'Belem/PA', 'N/A/MG', 'Cunha/SP', 'Chapada Dos Guimaraes/MT', 'Manaus/AM', 'Rio Verde/GO', 'Goiania/GO', 'Araraquara/SP', 'Pocos De Caldas/MG', 'Campinas/SP', 'Lavras/MG', 'N/A/ES', 'Teodoro Sampaio/SP', 'Recife/PE', 'Cordeiropolis/SP', 'Maues/AM', 'Londrina/PR', 'Murici/AL', 'Mogi Guacu/SP', 'Piracicaba/SP', 'Apore/GO', 'Ribeirao Preto/SP', 'Sao Paulo/SP', 'Iguape/SP']]",doi_collectionSite
"['10.1590/S0103-50532003000500012', 'Belem/PA']","['10.1590/S0103-50532003000500012', ['Itirapina/SP', 'Rifaina/SP', 'N/A/SP, Cedrela fissilis', 'N/A/CE', 'Urucuca/BA', 'Ribeirao Preto/SP, Nigrospora sphaerica', 'Cunha/SP', 'N/A/MS', 'N/A/PE', 'Vicosa/MG', 'Igarape-acu/PA', 'Itaituba/PA', 'Sao Sebastiao Do Passe/BA', 'Pocos De Caldas/MG, Lonchocarpus atropurpureus', 'Rio De Janeiro/RJ', 'N/A/MG', 'Chapada Dos Guimaraes/MT', 'Maues/AM', 'Peruibe/SP', 'Lavras/MG', 'Araraquara/SP', 'Itacoatiara/AM', 'N/A/SP', 'Campinas/SP', 'Belem/PA', 'Sao Miguel Arcanjo/SP', 'Cuiaba/MT', 'Londrina/PR', 'Sao Carlos/SP', 'Pirenopolis/GO', 'Pocos De Caldas/MG', 'Cordeiropolis/SP', 'N/A/AM', 'N/A/ES', 'Rio Claro/SP', 'Recife/PE', 'Iguape/SP', 'Ribeirao Preto/SP', 'Mogi Guacu/SP', 'Goiania/GO', 'Corumba/MS', 'Rio Verde/GO', 'Murici/AL', 'Sao Paulo/SP', 'Ibirama/SC', 'Teodoro Sampaio/SP', 'Santarem/PA', 'Apore/GO', 'Ibate/SP', 'Piracicaba/SP', 'Manaus/AM']]",doi_collectionSite
"['10.1590/S0100-40422005000400009', 'Itirapina/SP']","['10.1590/S0100-40422005000400009', ['Itirapina/SP', 'Rifaina/SP', 'N/A/SP, Cedrela fissilis', 'N/A/CE', 'Urucuca/BA', 'N/A/MS', 'Goiania/GO', 'Santarem/PA', 'Sao Carlos/SP', 'Belem/PA', 'Sao Sebastiao Do Passe/BA', 'Ribeirao Preto/SP, Nigrospora sphaerica', 'Iguape/SP', 'Sao Miguel Arcanjo/SP', 'Cuiaba/MT', 'Peruibe/SP', 'Vicosa/MG', 'Apore/GO', 'Mogi Guacu/SP', 'N/A/PE', 'Cunha/SP', 'Teodoro Sampaio/SP', 'Pocos De Caldas/MG, Lonchocarpus atropurpureus', 'Ibirama/SC', 'N/A/AM', 'Itaituba/PA', 'Rio Claro/SP', 'Londrina/PR', 'Araraquara/SP', 'Igarape-acu/PA', 'Rio De Janeiro/RJ', 'Corumba/MS', 'Rio Verde/GO', 'Piracicaba/SP', 'Cordeiropolis/SP', 'Pirenopolis/GO', 'N/A/ES', 'Maues/AM', 'Lavras/MG', 'Murici/AL', 'Pocos De Caldas/MG', 'Ibate/SP', 'Itacoatiara/AM', 'N/A/SP', 'Ribeirao Preto/SP', 'Campinas/SP', 'Recife/PE', 'Chapada Dos Guimaraes/MT', 'Manaus/AM', 'N/A/MG', 'Sao Paulo/SP']]",doi_collectionSite
"['10.1016/S0031-9422(00)00248-X', 'N/A/ES']","['10.1016/S0031-9422(00)00248-X', ['Itirapina/SP', 'Rifaina/SP', 'Teodoro Sampaio/SP', 'N/A/SP, Cedrela fissilis', 'Urucuca/BA', 'N/A/CE', 'Belem/PA', 'Ibate/SP', 'Manaus/AM', 'Rio Verde/GO', 'Sao Miguel Arcanjo/SP', 'Rio Claro/SP', 'Sao Carlos/SP', 'Mogi Guacu/SP', 'Ibirama/SC', 'Corumba/MS', 'N/A/ES', 'Recife/PE', 'Santarem/PA', 'Murici/AL', 'Pocos De Caldas/MG', 'Vicosa/MG', 'Cuiaba/MT', 'Peruibe/SP', 'Pocos De Caldas/MG, Lonchocarpus atropurpureus', 'Londrina/PR', 'Itaituba/PA', 'Piracicaba/SP', 'Lavras/MG', 'Ribeirao Preto/SP, Nigrospora sphaerica', 'Cordeiropolis/SP', 'Itacoatiara/AM', 'N/A/PE', 'Pirenopolis/GO', 'N/A/SP', 'Araraquara/SP', 'Chapada Dos Guimaraes/MT', 'Rio De Janeiro/RJ', 'N/A/AM', 'Ribeirao Preto/SP', 'Goiania/GO', 'Maues/AM', 'Campinas/SP', 'Cunha/SP', 'Iguape/SP', 'Sao Sebastiao Do Passe/BA', 'Apore/GO', 'Sao Paulo/SP', 'Igarape-acu/PA', 'N/A/MG', 'N/A/MS']]",doi_collectionSite
"['10.1021/np9703656', 'Teodoro Sampaio/SP']","['10.1021/np9703656', ['Urucuca/BA', 'N/A/CE', 'N/A/SP, Cedrela fissilis', 'Rifaina/SP', 'Itirapina/SP', 'Teodoro Sampaio/SP', 'Apore/GO', 'Santarem/PA', 'Iguape/SP', 'Mogi Guacu/SP', 'Lavras/MG', 'Belem/PA', 'Manaus/AM', 'Araraquara/SP', 'N/A/MS', 'Ribeirao Preto/SP', 'N/A/MG', 'Goiania/GO', 'Peruibe/SP', 'Rio Claro/SP', 'Sao Miguel Arcanjo/SP', 'N/A/ES', 'Ibate/SP', 'Murici/AL', 'Cordeiropolis/SP', 'Cunha/SP', 'Maues/AM', 'Chapada Dos Guimaraes/MT', 'Rio Verde/GO', 'Campinas/SP', 'Recife/PE', 'Sao Carlos/SP', 'Sao Sebastiao Do Passe/BA', 'Cuiaba/MT', 'Ribeirao Preto/SP, Nigrospora sphaerica', 'Piracicaba/SP', 'Rio De Janeiro/RJ', 'Vicosa/MG', 'Pirenopolis/GO', 'Ibirama/SC', 'Igarape-acu/PA', 'Itaituba/PA', 'Sao Paulo/SP', 'Pocos De Caldas/MG', 'N/A/SP', 'Londrina/PR', 'Itacoatiara/AM', 'N/A/PE', 'N/A/AM', 'Corumba/MS', 'Pocos De Caldas/MG, Lonchocarpus atropurpureus']]",doi_collectionSite
"['10.1007/s10295-012-1165-2', 'N/A/MS']","['10.1007/s10295-012-1165-2', ['Itirapina/SP', 'Rifaina/SP', 'N/A/SP, Cedrela fissilis', 'N/A/CE', 'Urucuca/BA', 'Ribeirao Preto/SP, Nigrospora sphaerica', 'N/A/PE', 'Cunha/SP', 'N/A/MS', 'Vicosa/MG', 'Sao Sebastiao Do Passe/BA', 'Campinas/SP', 'Chapada Dos Guimaraes/MT', 'Rio De Janeiro/RJ', 'Maues/AM', 'N/A/MG', 'Sao Miguel Arcanjo/SP', 'Cuiaba/MT', 'Itaituba/PA', 'Londrina/PR', 'Araraquara/SP', 'Pocos De Caldas/MG, Lonchocarpus atropurpureus', 'Igarape-acu/PA', 'Goiania/GO', 'Recife/PE', 'Iguape/SP', 'Rio Verde/GO', 'Ribeirao Preto/SP', 'Corumba/MS', 'Murici/AL', 'Pirenopolis/GO', 'Cordeiropolis/SP', 'Rio Claro/SP', 'Lavras/MG', 'Peruibe/SP', 'Itacoatiara/AM', 'Pocos De Caldas/MG', 'N/A/AM', 'Mogi Guacu/SP', 'Sao Carlos/SP', 'Piracicaba/SP', 'N/A/SP', 'Teodoro Sampaio/SP', 'Apore/GO', 'Belem/PA', 'Ibate/SP', 'N/A/ES', 'Ibirama/SC', 'Sao Paulo/SP', 'Santarem/PA', 'Manaus/AM']]",doi_collectionSite
"['10.1016/j.jphotobiol.2013.01.006', 'Sao Paulo/SP']","['10.1016/j.jphotobiol.2013.01.006', ['Itirapina/SP', 'Rifaina/SP', 'N/A/SP, Cedrela fissilis', 'N/A/CE', 'Urucuca/BA', 'N/A/MS', 'Rio De Janeiro/RJ', 'Ribeirao Preto/SP, Nigrospora sphaerica', 'Sao Sebastiao Do Passe/BA', 'Goiania/GO', 'N/A/PE', 'Cunha/SP', 'Vicosa/MG', 'Peruibe/SP', 'Cordeiropolis/SP', 'Pocos De Caldas/MG, Lonchocarpus atropurpureus', 'Itaituba/PA', 'Iguape/SP', 'Cuiaba/MT', 'Belem/PA', 'Sao Miguel Arcanjo/SP', 'Campinas/SP', 'Chapada Dos Guimaraes/MT', 'Sao Carlos/SP', 'Igarape-acu/PA', 'Maues/AM', 'Apore/GO', 'N/A/AM', 'Lavras/MG', 'N/A/SP', 'Rio Claro/SP', 'Londrina/PR', 'Ribeirao Preto/SP', 'Rio Verde/GO', 'Ibate/SP', 'N/A/MG', 'Itacoatiara/AM', 'Mogi Guacu/SP', 'N/A/ES', 'Pirenopolis/GO', 'Murici/AL', 'Corumba/MS', 'Pocos De Caldas/MG', 'Santarem/PA', 'Teodoro Sampaio/SP', 'Sao Paulo/SP', 'Recife/PE', 'Araraquara/SP', 'Ibirama/SC', 'Piracicaba/SP', 'Manaus/AM']]",doi_collectionSite
"['10.1590/S0100-40422006000300016', 'Ibate/SP']","['10.1590/S0100-40422006000300016', ['Itirapina/SP', 'Rifaina/SP', 'N/A/SP, Cedrela fissilis', 'N/A/CE', 'Urucuca/BA', 'Pocos De Caldas/MG, Lonchocarpus atropurpureus', 'N/A/AM', 'N/A/MS', 'Igarape-acu/PA', 'N/A/PE', 'Sao Sebastiao Do Passe/BA', 'N/A/ES', 'Itaituba/PA', 'Cunha/SP', 'Lavras/MG', 'Ribeirao Preto/SP, Nigrospora sphaerica', 'Sao Carlos/SP', 'N/A/SP', 'Pirenopolis/GO', 'Pocos De Caldas/MG', 'Rio De Janeiro/RJ', 'Vicosa/MG', 'Corumba/MS', 'Itacoatiara/AM', 'Apore/GO', 'Peruibe/SP', 'Chapada Dos Guimaraes/MT', 'Sao Paulo/SP', 'Belem/PA', 'Rio Verde/GO', 'Santarem/PA', 'N/A/MG', 'Iguape/SP', 'Goiania/GO', 'Recife/PE', 'Mogi Guacu/SP', 'Cuiaba/MT', 'Rio Claro/SP', 'Londrina/PR', 'Araraquara/SP', 'Campinas/SP', 'Ribeirao Preto/SP', 'Maues/AM', 'Sao Miguel Arcanjo/SP', 'Cordeiropolis/SP', 'Piracicaba/SP', 'Murici/AL', 'Ibirama/SC', 'Ibate/SP', 'Teodoro Sampaio/SP', 'Manaus/AM']]",doi_collectionSite
"['10.1016/j.cbi.2010.08.008', 'Sao Miguel Arcanjo/SP']","['10.1016/j.cbi.2010.08.008', ['Itirapina/SP', 'Rifaina/SP', 'N/A/CE', 'N/A/SP, Cedrela fissilis', 'Urucuca/BA', 'Chapada Dos Guimaraes/MT', 'Campinas/SP', 'Rio De Janeiro/RJ', 'N/A/PE', 'Vicosa/MG', 'N/A/MG', 'Pocos De Caldas/MG, Lonchocarpus atropurpureus', 'Sao Sebastiao Do Passe/BA', 'Ribeirao Preto/SP, Nigrospora sphaerica', 'Igarape-acu/PA', 'Pirenopolis/GO', 'Itaituba/PA', 'N/A/MS', 'Cunha/SP', 'Sao Miguel Arcanjo/SP', 'Rio Verde/GO', 'Pocos De Caldas/MG', 'Corumba/MS', 'Recife/PE', 'Lavras/MG', 'N/A/AM', 'N/A/SP', 'Goiania/GO', 'Murici/AL', 'Araraquara/SP', 'Itacoatiara/AM', 'Sao Paulo/SP', 'Peruibe/SP', 'N/A/ES', 'Iguape/SP', 'Sao Carlos/SP', 'Cuiaba/MT', 'Apore/GO', 'Londrina/PR', 'Cordeiropolis/SP', 'Belem/PA', 'Maues/AM', 'Ibate/SP', 'Rio Claro/SP', 'Teodoro Sampaio/SP', 'Mogi Guacu/SP', 'Ribeirao Preto/SP', 'Manaus/AM', 'Piracicaba/SP', 'Ibirama/SC', 'Santarem/PA']]",doi_collectionSite
"['10.1021/np060254j', 'Rifaina/SP']","['10.1021/np060254j', ['Itirapina/SP', 'Rifaina/SP', 'N/A/SP, Cedrela fissilis', 'N/A/CE', 'Urucuca/BA', 'Vicosa/MG', 'Itaituba/PA', 'Igarape-acu/PA', 'Sao Sebastiao Do Passe/BA', 'Ribeirao Preto/SP, Nigrospora sphaerica', 'Rio De Janeiro/RJ', 'Lavras/MG', 'Sao Miguel Arcanjo/SP', 'N/A/SP', 'Chapada Dos Guimaraes/MT', 'N/A/PE', 'N/A/MS', 'Belem/PA', 'Cunha/SP', 'N/A/MG', 'Iguape/SP', 'Itacoatiara/AM', 'Pocos De Caldas/MG, Lonchocarpus atropurpureus', 'Araraquara/SP', 'Peruibe/SP', 'Sao Carlos/SP', 'Pocos De Caldas/MG', 'Cordeiropolis/SP', 'Recife/PE', 'Sao Paulo/SP', 'Mogi Guacu/SP', 'Rio Verde/GO', 'Teodoro Sampaio/SP', 'Rio Claro/SP', 'Piracicaba/SP', 'Goiania/GO', 'Campinas/SP', 'Corumba/MS', 'Maues/AM', 'Murici/AL', 'N/A/ES', 'Ibirama/SC', 'Pirenopolis/GO', 'N/A/AM', 'Londrina/PR', 'Ribeirao Preto/SP', 'Apore/GO', 'Cuiaba/MT', 'Ibate/SP', 'Santarem/PA', 'Manaus/AM']]",doi_collectionSite
"['10.1248/cpb.56.407', 'Araraquara/SP']","['10.1248/cpb.56.407', ['Itirapina/SP', 'Rifaina/SP', 'N/A/SP, Cedrela fissilis', 'N/A/CE', 'Urucuca/BA', 'Vicosa/MG', 'Ribeirao Preto/SP, Nigrospora sphaerica', 'N/A/PE', 'Igarape-acu/PA', 'Itaituba/PA', 'Sao Sebastiao Do Passe/BA', 'Chapada Dos Guimaraes/MT', 'Itacoatiara/AM', 'N/A/MS', 'N/A/MG', 'Pocos De Caldas/MG, Lonchocarpus atropurpureus', 'Rio De Janeiro/RJ', 'N/A/SP', 'Cunha/SP', 'Pocos De Caldas/MG', 'Cordeiropolis/SP', 'Murici/AL', 'Rio Verde/GO', 'Corumba/MS', 'Pirenopolis/GO', 'N/A/AM', 'Belem/PA', 'Maues/AM', 'Sao Carlos/SP', 'Peruibe/SP', 'Goiania/GO', 'Recife/PE', 'Araraquara/SP', 'Sao Miguel Arcanjo/SP', 'Sao Paulo/SP', 'Londrina/PR', 'N/A/ES', 'Ribeirao Preto/SP', 'Rio Claro/SP', 'Cuiaba/MT', 'Piracicaba/SP', 'Iguape/SP', 'Campinas/SP', 'Lavras/MG', 'Teodoro Sampaio/SP', 'Mogi Guacu/SP', 'Ibate/SP', 'Santarem/PA', 'Manaus/AM', 'Apore/GO', 'Ibirama/SC']]",doi_collectionSite
"['10.1590/S0100-40422010000900005', 'Piracicaba/SP']","['10.1590/S0100-40422010000900005', ['Itirapina/SP', 'Rifaina/SP', 'N/A/SP, Cedrela fissilis', 'N/A/CE', 'Urucuca/BA', 'Vicosa/MG', 'Ribeirao Preto/SP, Nigrospora sphaerica', 'Igarape-acu/PA', 'Sao Sebastiao Do Passe/BA', 'N/A/PE', 'N/A/MS', 'Itaituba/PA', 'Rio Verde/GO', 'Itacoatiara/AM', 'Cordeiropolis/SP', 'Rio De Janeiro/RJ', 'Rio Claro/SP', 'N/A/AM', 'Corumba/MS', 'Chapada Dos Guimaraes/MT', 'N/A/MG', 'Piracicaba/SP', 'Cunha/SP', 'Murici/AL', 'Sao Miguel Arcanjo/SP', 'Pirenopolis/GO', 'Iguape/SP', 'N/A/SP', 'Araraquara/SP', 'Pocos De Caldas/MG, Lonchocarpus atropurpureus', 'Londrina/PR', 'Maues/AM', 'Goiania/GO', 'Ibirama/SC', 'Sao Paulo/SP', 'Apore/GO', 'Santarem/PA', 'Pocos De Caldas/MG', 'Peruibe/SP', 'Cuiaba/MT', 'Lavras/MG', 'Manaus/AM', 'Ibate/SP', 'Sao Carlos/SP', 'Recife/PE', 'N/A/ES', 'Teodoro Sampaio/SP', 'Belem/PA', 'Campinas/SP', 'Ribeirao Preto/SP', 'Mogi Guacu/SP']]",doi_collectionSite
"['10.1590/S0103-50532006000300017', 'N/A/SP, Cedrela fissilis']","['10.1590/S0103-50532006000300017', ['Itirapina/SP', 'Rifaina/SP', 'N/A/SP, Cedrela fissilis', 'N/A/CE', 'Urucuca/BA', 'Vicosa/MG', 'Ribeirao Preto/SP, Nigrospora sphaerica', 'Cordeiropolis/SP', 'Igarape-acu/PA', 'Rio Verde/GO', 'Sao Sebastiao Do Passe/BA', 'N/A/PE', 'Itaituba/PA', 'Murici/AL', 'Iguape/SP', 'N/A/MS', 'Corumba/MS', 'Piracicaba/SP', 'Londrina/PR', 'Cunha/SP', 'Rio Claro/SP', 'Maues/AM', 'Rio De Janeiro/RJ', 'Chapada Dos Guimaraes/MT', 'Apore/GO', 'Ibirama/SC', 'Sao Miguel Arcanjo/SP', 'Cuiaba/MT', 'Pocos De Caldas/MG', 'N/A/SP', 'Ibate/SP', 'Pirenopolis/GO', 'Pocos De Caldas/MG, Lonchocarpus atropurpureus', 'Campinas/SP', 'Itacoatiara/AM', 'Sao Paulo/SP', 'Ribeirao Preto/SP', 'N/A/AM', 'Goiania/GO', 'Sao Carlos/SP', 'Lavras/MG', 'Araraquara/SP', 'Recife/PE', 'N/A/MG', 'N/A/ES', 'Santarem/PA', 'Teodoro Sampaio/SP', 'Mogi Guacu/SP', 'Manaus/AM', 'Belem/PA', 'Peruibe/SP']]",doi_collectionSite
